{
  "fill" : {
    "linear-gradient" : [
      "srgb:1.00000,0.65253,0.90545,1.00000",
      "srgb:0.62571,0.32289,1.00000,1.00000"
    ]
  },
  "groups" : [
    {
      "layers" : [
        {
          "blend-mode" : "normal",
          "fill" : "automatic",
          "glass" : true,
          "hidden" : false,
          "image-name" : "AppIcon.png",
          "name" : "AppIcon"
        }
      ],
      "shadow" : {
        "kind" : "neutral",
        "opacity" : 0.5
      },
      "translucency" : {
        "enabled" : true,
        "value" : 0.5
      }
    }
  ],
  "supported-platforms" : {
    "squares" : [
      "macOS"
    ]
  }
}